{ 
    "title": "Yahtzee",
    "summarySrc": "projects/yahtzee/assets/docs/project_summary/yahtzeeSummary.txt",
    "defaultSrc": "projects/yahtzee/playingAreaYatzy.html",
    "assets": [
        {
            "label": "Source Files",
            "children": [
                { }
            ]
        },
        {
            "label": "Documentation",
            "children": [
                { "label": "Design Notes(md)", "src": "projects/common/markdown_reader.html?md=https://raw.githubusercontent.com/FlyCode30/cst3106_portfolio/refs/heads/main/public/projects/yahtzee/assets/docs/design_documentation.md", "embed": "iframe"},
                { "label": "Rules(PDF)", "src": "projects/Yahtzee/docs/rules.pdf", "embed": "iframe"}
                
            ]
        }
            ]
    
}
    


