[
	{
		"pt_id" : 10001,
		"last_name" : "Ethan",
		"first_name" : "McKay",
		"tri_id" : 1,
		"move_status" : "complete",
		"diagnosis" : "Cardiac arrest, CPR in progress",
		"time_waiting" : 450
	},
	{
		"pt_id" : 10002,
		"last_name" : "Sarah",
		"first_name" : "Lavoie",
		"tri_id" : 1,
		"move_status" : "complete",
		"diagnosis" : "Severe polytrauma from MVC",
		"time_waiting" : 429
	},
	{
		"pt_id" : 10003,
		"last_name" : "Chen",
		"first_name" : "Michael",
		"tri_id" : 2,
		"move_status" : "pending",
		"diagnosis" : "Acute stroke symptoms, facial droop",
		"time_waiting" : 409
	},
	{
		"pt_id" : 10004,
		"last_name" : "Patel",
		"first_name" : "Aisha",
		"tri_id" : 2,
		"move_status" : "pending",
		"diagnosis" : "Suspected sepsis with high fever",
		"time_waiting" : 388
	},
	{
		"pt_id" : 10005,
		"last_name" : "Connor",
		"first_name" : "Liam",
		"tri_id" : 2,
		"move_status" : "pending",
		"diagnosis" : "Chest pain radiating to left arm",
		"time_waiting" : 368
	},
	{
		"pt_id" : 10006,
		"last_name" : "Girard",
		"first_name" : "Nicole",
		"tri_id" : 2,
		"move_status" : "pending",
		"diagnosis" : "Severe asthma exacerbation",
		"time_waiting" : 348
	},
	{
		"pt_id" : 10007,
		"last_name" : "Brooks",
		"first_name" : "Jason",
		"tri_id" : 3,
		"move_status" : "pending",
		"diagnosis" : "Moderate abdominal pain, vomiting",
		"time_waiting" : 327
	},
	{
		"pt_id" : 10008,
		"last_name" : "Nguyen",
		"first_name" : "Emily",
		"tri_id" : 3,
		"move_status" : "pending",
		"diagnosis" : "Migraine with photophobia",
		"time_waiting" : 307
	},
	{
		"pt_id" : 10009,
		"last_name" : "Singh",
		"first_name" : "Harper",
		"tri_id" : 3,
		"move_status" : "pending",
		"diagnosis" : "Fractured wrist with swelling",
		"time_waiting" : 286
	},
	{
		"pt_id" : 10010,
		"last_name" : "Gauthier",
		"first_name" : "Jacob",
		"tri_id" : 3,
		"move_status" : "pending",
		"diagnosis" : "Moderate dehydration",
		"time_waiting" : 266
	},
	{
		"pt_id" : 10011,
		"last_name" : "Bouchard",
		"first_name" : "Sophie",
		"tri_id" : 3,
		"move_status" : "pending",
		"diagnosis" : "Pneumonia symptoms, productive cough",
		"time_waiting" : 246
	},
	{
		"pt_id" : 10012,
		"last_name" : "Martins",
		"first_name" : "Oliver",
		"tri_id" : 3,
		"move_status" : "pending",
		"diagnosis" : "Complex laceration needing sutures",
		"time_waiting" : 225
	},
	{
		"pt_id" : 10013,
		"last_name" : "Robertson",
		"first_name" : "Ava",
		"tri_id" : 3,
		"move_status" : "pending",
		"diagnosis" : "Renal colic, flank pain",
		"time_waiting" : 205
	},
	{
		"pt_id" : 10014,
		"last_name" : "Bennett",
		"first_name" : "Noah",
		"tri_id" : 4,
		"move_status" : "pending",
		"diagnosis" : "Sprained ankle, mild swelling",
		"time_waiting" : 184
	},
	{
		"pt_id" : 10015,
		"last_name" : "Henderson",
		"first_name" : "Grace",
		"tri_id" : 4,
		"move_status" : "pending",
		"diagnosis" : "Sore throat, possible strep",
		"time_waiting" : 164
	},
	{
		"pt_id" : 10016,
		"last_name" : "Fraser",
		"first_name" : "Caleb",
		"tri_id" : 4,
		"move_status" : "pending",
		"diagnosis" : "Mild abdominal discomfort",
		"time_waiting" : 144
	},
	{
		"pt_id" : 10017,
		"last_name" : "Fortin",
		"first_name" : "Mia",
		"tri_id" : 4,
		"move_status" : "pending",
		"diagnosis" : "Ear infection, mild fever",
		"time_waiting" : 123
	},
	{
		"pt_id" : 10018,
		"last_name" : "Lambert",
		"first_name" : "Evan",
		"tri_id" : 4,
		"move_status" : "pending",
		"diagnosis" : "Minor back pain",
		"time_waiting" : 103
	},
	{
		"pt_id" : 10019,
		"last_name" : "Fong",
		"first_name" : "Layla",
		"tri_id" : 4,
		"move_status" : "pending",
		"diagnosis" : "Mild asthma symptoms",
		"time_waiting" : 82
	},
	{
		"pt_id" : 10020,
		"last_name" : "Cormier",
		"first_name" : "Henry",
		"tri_id" : 4,
		"move_status" : "pending",
		"diagnosis" : "Chronic knee pain flare-up",
		"time_waiting" : 62
	},
	{
		"pt_id" : 10021,
		"last_name" : "Thompson",
		"first_name" : "Chloe",
		"tri_id" : 4,
		"move_status" : "pending",
		"diagnosis" : "Urinary tract infection",
		"time_waiting" : 42
	},
	{
		"pt_id" : 10022,
		"last_name" : "Desjardins",
		"first_name" : "Logan",
		"tri_id" : 4,
		"move_status" : "pending",
		"diagnosis" : "Nasal congestion, sinusitis",
		"time_waiting" : 21
	},
	{
		"pt_id" : 10023,
		"last_name" : "Roy",
		"first_name" : "Aria",
		"tri_id" : 4,
		"move_status" : "pending",
		"diagnosis" : "Skin rash, possible allergic reaction",
		"time_waiting" : 1
	},
	{
		"pt_id" : 10024,
		"last_name" : "Morrison",
		"first_name" : "Daniel",
		"tri_id" : 4,
		"move_status" : "pending",
		"diagnosis" : "Minor laceration to forearm",
		"time_waiting" : -19
	},
	{
		"pt_id" : 10025,
		"last_name" : "Bates",
		"first_name" : "Ella",
		"tri_id" : 4,
		"move_status" : "pending",
		"diagnosis" : "Mild concussion symptoms",
		"time_waiting" : -39
	},
	{
		"pt_id" : 10026,
		"last_name" : "Sharpe",
		"first_name" : "Wyatt",
		"tri_id" : 4,
		"move_status" : "pending",
		"diagnosis" : "Dental pain, cavity",
		"time_waiting" : -60
	},
	{
		"pt_id" : 10027,
		"last_name" : "Arsenault",
		"first_name" : "Zoey",
		"tri_id" : 4,
		"move_status" : "pending",
		"diagnosis" : "Vomiting without dehydration",
		"time_waiting" : -80
	},
	{
		"pt_id" : 10028,
		"last_name" : "Beaulieu",
		"first_name" : "Nathan",
		"tri_id" : 4,
		"move_status" : "pending",
		"diagnosis" : "Pink eye",
		"time_waiting" : -100
	},
	{
		"pt_id" : 10029,
		"last_name" : "McIntyre",
		"first_name" : "Lily",
		"tri_id" : 4,
		"move_status" : "pending",
		"diagnosis" : "Mild foot sprain",
		"time_waiting" : -121
	},
	{
		"pt_id" : 10030,
		"last_name" : "Keller",
		"first_name" : "Benjamin",
		"tri_id" : 4,
		"move_status" : "pending",
		"diagnosis" : "Localized hand swelling",
		"time_waiting" : -141
	},
	{
		"pt_id" : 10031,
		"last_name" : "Cameron",
		"first_name" : "Riley",
		"tri_id" : 5,
		"move_status" : "pending",
		"diagnosis" : "Medication refill request",
		"time_waiting" : -162
	},
	{
		"pt_id" : 10032,
		"last_name" : "Porter",
		"first_name" : "Hannah",
		"tri_id" : 5,
		"move_status" : "pending",
		"diagnosis" : "Mild cold symptoms",
		"time_waiting" : -182
	},
	{
		"pt_id" : 10033,
		"last_name" : "Miller",
		"first_name" : "Aiden",
		"tri_id" : 5,
		"move_status" : "pending",
		"diagnosis" : "Chronic shoulder soreness",
		"time_waiting" : -202
	},
	{
		"pt_id" : 10034,
		"last_name" : "Wallace",
		"first_name" : "Zara",
		"tri_id" : 5,
		"move_status" : "pending",
		"diagnosis" : "Minor skin irritation",
		"time_waiting" : -223
	},
	{
		"pt_id" : 10035,
		"last_name" : "Jones",
		"first_name" : "Carter",
		"tri_id" : 5,
		"move_status" : "pending",
		"diagnosis" : "Mild headache",
		"time_waiting" : -243
	},
	{
		"pt_id" : 10036,
		"last_name" : "Clark",
		"first_name" : "Penelope",
		"tri_id" : 5,
		"move_status" : "pending",
		"diagnosis" : "Routine bloodwork request",
		"time_waiting" : -264
	},
	{
		"pt_id" : 10037,
		"last_name" : "Stewart",
		"first_name" : "Dylan",
		"tri_id" : 5,
		"move_status" : "pending",
		"diagnosis" : "Request for pregnancy test",
		"time_waiting" : -284
	},
	{
		"pt_id" : 10038,
		"last_name" : "Duncan",
		"first_name" : "Violet",
		"tri_id" : 5,
		"move_status" : "pending",
		"diagnosis" : "Minor toe bruise",
		"time_waiting" : -304
	},
	{
		"pt_id" : 10039,
		"last_name" : "Simpson",
		"first_name" : "Ryan",
		"tri_id" : 5,
		"move_status" : "pending",
		"diagnosis" : "Old injury check-up",
		"time_waiting" : -325
	},
	{
		"pt_id" : 10040,
		"last_name" : "Perrault",
		"first_name" : "Camila",
		"tri_id" : 5,
		"move_status" : "pending",
		"diagnosis" : "Seasonal allergies",
		"time_waiting" : -345
	},
	{
		"pt_id" : 10041,
		"last_name" : "Toye",
		"first_name" : "Xavier",
		"tri_id" : 5,
		"move_status" : "pending",
		"diagnosis" : "Mild diarrhea, no dehydration",
		"time_waiting" : -366
	},
	{
		"pt_id" : 10042,
		"last_name" : "White",
		"first_name" : "Nora",
		"tri_id" : 5,
		"move_status" : "pending",
		"diagnosis" : "Wound check, no infection",
		"time_waiting" : -386
	},
	{
		"pt_id" : 10043,
		"last_name" : "Hardy",
		"first_name" : "Mason",
		"tri_id" : 5,
		"move_status" : "pending",
		"diagnosis" : "Requesting work note",
		"time_waiting" : -406
	},
	{
		"pt_id" : 10044,
		"last_name" : "Grant",
		"first_name" : "Aurora",
		"tri_id" : 5,
		"move_status" : "pending",
		"diagnosis" : "Mild muscle strain",
		"time_waiting" : -427
	},
	{
		"pt_id" : 10045,
		"last_name" : "Cote",
		"first_name" : "Sebastian",
		"tri_id" : 5,
		"move_status" : "pending",
		"diagnosis" : "Blood pressure recheck",
		"time_waiting" : -447
	},
	{
		"pt_id" : 10046,
		"last_name" : "Turner",
		"first_name" : "Hailey",
		"tri_id" : 5,
		"move_status" : "pending",
		"diagnosis" : "Minor insect bite",
		"time_waiting" : -468
	},
	{
		"pt_id" : 10047,
		"last_name" : "MacDonald",
		"first_name" : "Leo",
		"tri_id" : 5,
		"move_status" : "pending",
		"diagnosis" : "Vaccination request",
		"time_waiting" : -488
	},
	{
		"pt_id" : 10048,
		"last_name" : "Moffat",
		"first_name" : "Stella",
		"tri_id" : 5,
		"move_status" : "pending",
		"diagnosis" : "Rash follow-up",
		"time_waiting" : -508
	},
	{
		"pt_id" : 10049,
		"last_name" : "Sinclair",
		"first_name" : "Mateo",
		"tri_id" : 5,
		"move_status" : "pending",
		"diagnosis" : "Mild tension headache",
		"time_waiting" : -529
	},
	{
		"pt_id" : 10050,
		"last_name" : "Rowe",
		"first_name" : "Isla",
		"tri_id" : 5,
		"move_status" : "pending",
		"diagnosis" : "Vision test request",
		"time_waiting" : -549
	},
	{
		"pt_id" : 10051,
		"last_name" : "King",
		"first_name" : "Noah",
		"tri_id" : 1,
		"move_status" : "pending",
		"diagnosis" : "Severe head trauma, unresponsive",
		"time_waiting" : -570
	},
	{
		"pt_id" : 10052,
		"last_name" : "Olsen",
		"first_name" : "Julia",
		"tri_id" : 1,
		"move_status" : "pending",
		"diagnosis" : "Acute respiratory failure, severe distress",
		"time_waiting" : -590
	},
	{
		"pt_id" : 10053,
		"last_name" : "Ibrahim",
		"first_name" : "Marcus",
		"tri_id" : 2,
		"move_status" : "pending",
		"diagnosis" : "Profuse external bleeding from leg injury",
		"time_waiting" : -610
	},
	{
		"pt_id" : 10054,
		"last_name" : "Dubois",
		"first_name" : "Sienna",
		"tri_id" : 2,
		"move_status" : "pending",
		"diagnosis" : "Acute coronary syndrome, crushing chest pain",
		"time_waiting" : -631
	},
	{
		"pt_id" : 10055,
		"last_name" : "Silva",
		"first_name" : "Owen",
		"tri_id" : 2,
		"move_status" : "pending",
		"diagnosis" : "Possible meningitis, fever and neck stiffness",
		"time_waiting" : -651
	},
	{
		"pt_id" : 10056,
		"last_name" : "Harrison",
		"first_name" : "Layne",
		"tri_id" : 2,
		"move_status" : "pending",
		"diagnosis" : "Severe shortness of breath with wheezing",
		"time_waiting" : -672
	},
	{
		"pt_id" : 10057,
		"last_name" : "Kowalski",
		"first_name" : "Clara",
		"tri_id" : 3,
		"move_status" : "pending",
		"diagnosis" : "High fever with low blood pressure, suspected sepsis",
		"time_waiting" : -692
	},
	{
		"pt_id" : 10058,
		"last_name" : "Reid",
		"first_name" : "Milo",
		"tri_id" : 3,
		"move_status" : "pending",
		"diagnosis" : "Moderate asthma exacerbation, speaking in phrases",
		"time_waiting" : -712
	},
	{
		"pt_id" : 10059,
		"last_name" : "Marchand",
		"first_name" : "Bella",
		"tri_id" : 3,
		"move_status" : "pending",
		"diagnosis" : "Uncontrolled vomiting with mild dehydration",
		"time_waiting" : -733
	},
	{
		"pt_id" : 10060,
		"last_name" : "Romero",
		"first_name" : "Elias",
		"tri_id" : 3,
		"move_status" : "pending",
		"diagnosis" : "Suspected appendicitis, right lower quadrant pain",
		"time_waiting" : -753
	},
	{
		"pt_id" : 10061,
		"last_name" : "Jensen",
		"first_name" : "Tara",
		"tri_id" : 3,
		"move_status" : "pending",
		"diagnosis" : "Complex hand laceration needing sutures",
		"time_waiting" : -774
	},
	{
		"pt_id" : 10062,
		"last_name" : "Barlow",
		"first_name" : "Jonah",
		"tri_id" : 3,
		"move_status" : "pending",
		"diagnosis" : "Moderate head injury, brief loss of consciousness",
		"time_waiting" : -794
	},
	{
		"pt_id" : 10063,
		"last_name" : "Fischer",
		"first_name" : "Paige",
		"tri_id" : 3,
		"move_status" : "pending",
		"diagnosis" : "Painful kidney stone, severe flank pain",
		"time_waiting" : -814
	},
	{
		"pt_id" : 10064,
		"last_name" : "Hughes",
		"first_name" : "Declan",
		"tri_id" : 4,
		"move_status" : "pending",
		"diagnosis" : "Shortness of breath on exertion, abnormal vitals",
		"time_waiting" : -835
	},
	{
		"pt_id" : 10065,
		"last_name" : "Carson",
		"first_name" : "Renee",
		"tri_id" : 4,
		"move_status" : "pending",
		"diagnosis" : "Pneumonia with shortness of breath and fever",
		"time_waiting" : -855
	},
	{
		"pt_id" : 10066,
		"last_name" : "Ng",
		"first_name" : "Harvey",
		"tri_id" : 4,
		"move_status" : "pending",
		"diagnosis" : "Uncontrolled high blood pressure with headache",
		"time_waiting" : -876
	},
	{
		"pt_id" : 10067,
		"last_name" : "Peters",
		"first_name" : "Naomi",
		"tri_id" : 4,
		"move_status" : "pending",
		"diagnosis" : "Mild abdominal pain, stable vitals",
		"time_waiting" : -896
	},
	{
		"pt_id" : 10068,
		"last_name" : "Franco",
		"first_name" : "Logan",
		"tri_id" : 4,
		"move_status" : "pending",
		"diagnosis" : "Sprained wrist after fall",
		"time_waiting" : -916
	},
	{
		"pt_id" : 10069,
		"last_name" : "Santos",
		"first_name" : "Ivy",
		"tri_id" : 4,
		"move_status" : "pending",
		"diagnosis" : "Ear pain, suspected otitis media",
		"time_waiting" : -937
	},
	{
		"pt_id" : 10070,
		"last_name" : "Young",
		"first_name" : "Griffin",
		"tri_id" : 4,
		"move_status" : "pending",
		"diagnosis" : "Chronic back pain flare up",
		"time_waiting" : -957
	},
	{
		"pt_id" : 10071,
		"last_name" : "Allan",
		"first_name" : "Mira",
		"tri_id" : 4,
		"move_status" : "pending",
		"diagnosis" : "Mild asthma symptoms, no distress",
		"time_waiting" : -978
	},
	{
		"pt_id" : 10072,
		"last_name" : "Walsh",
		"first_name" : "Colin",
		"tri_id" : 4,
		"move_status" : "pending",
		"diagnosis" : "Minor facial laceration, bleeding controlled",
		"time_waiting" : -998
	},
	{
		"pt_id" : 10073,
		"last_name" : "Hart",
		"first_name" : "Elise",
		"tri_id" : 4,
		"move_status" : "pending",
		"diagnosis" : "Painful urinary tract infection",
		"time_waiting" : -1018
	},
	{
		"pt_id" : 10074,
		"last_name" : "Costa",
		"first_name" : "Rafael",
		"tri_id" : 4,
		"move_status" : "pending",
		"diagnosis" : "Ankle sprain with swelling",
		"time_waiting" : -1039
	},
	{
		"pt_id" : 10075,
		"last_name" : "Khan",
		"first_name" : "Anika",
		"tri_id" : 4,
		"move_status" : "pending",
		"diagnosis" : "Suspected mild cellulitis, leg redness",
		"time_waiting" : -1059
	},
	{
		"pt_id" : 10076,
		"last_name" : "Morin",
		"first_name" : "Caleb",
		"tri_id" : 4,
		"move_status" : "pending",
		"diagnosis" : "Mild dehydration, tolerating fluids",
		"time_waiting" : -1080
	},
	{
		"pt_id" : 10077,
		"last_name" : "Gallagher",
		"first_name" : "Iris",
		"tri_id" : 4,
		"move_status" : "pending",
		"diagnosis" : "Moderate dental pain, no swelling",
		"time_waiting" : -1100
	},
	{
		"pt_id" : 10078,
		"last_name" : "Page",
		"first_name" : "Tristan",
		"tri_id" : 4,
		"move_status" : "pending",
		"diagnosis" : "Sore throat and low grade fever",
		"time_waiting" : -1120
	},
	{
		"pt_id" : 10079,
		"last_name" : "Liang",
		"first_name" : "Jade",
		"tri_id" : 4,
		"move_status" : "pending",
		"diagnosis" : "Mild concussion symptoms after sports injury",
		"time_waiting" : -1141
	},
	{
		"pt_id" : 10080,
		"last_name" : "Barker",
		"first_name" : "Felix",
		"tri_id" : 4,
		"move_status" : "pending",
		"diagnosis" : "Hand contusion after workplace incident",
		"time_waiting" : -1161
	},
	{
		"pt_id" : 10081,
		"last_name" : "Lam",
		"first_name" : "Summer",
		"tri_id" : 4,
		"move_status" : "pending",
		"diagnosis" : "Chronic knee pain, follow up",
		"time_waiting" : -1182
	},
	{
		"pt_id" : 10082,
		"last_name" : "Nolan",
		"first_name" : "Henry",
		"tri_id" : 5,
		"move_status" : "pending",
		"diagnosis" : "Medication refill for blood pressure",
		"time_waiting" : -1202
	},
	{
		"pt_id" : 10083,
		"last_name" : "Bell",
		"first_name" : "Ariana",
		"tri_id" : 5,
		"move_status" : "pending",
		"diagnosis" : "Mild seasonal allergy symptoms",
		"time_waiting" : -1222
	},
	{
		"pt_id" : 10084,
		"last_name" : "Cook",
		"first_name" : "Jared",
		"tri_id" : 5,
		"move_status" : "pending",
		"diagnosis" : "Rash on arm, no systemic symptoms",
		"time_waiting" : -1243
	},
	{
		"pt_id" : 10085,
		"last_name" : "Doyle",
		"first_name" : "Keira",
		"tri_id" : 5,
		"move_status" : "pending",
		"diagnosis" : "Mild headache, no red flags",
		"time_waiting" : -1263
	},
	{
		"pt_id" : 10086,
		"last_name" : "Shaw",
		"first_name" : "Damon",
		"tri_id" : 5,
		"move_status" : "pending",
		"diagnosis" : "Old ankle injury check",
		"time_waiting" : -1284
	},
	{
		"pt_id" : 10087,
		"last_name" : "Vargas",
		"first_name" : "Lena",
		"tri_id" : 5,
		"move_status" : "pending",
		"diagnosis" : "Request for pregnancy test, no pain",
		"time_waiting" : -1304
	},
	{
		"pt_id" : 10088,
		"last_name" : "Patel",
		"first_name" : "Rowan",
		"tri_id" : 5,
		"move_status" : "pending",
		"diagnosis" : "Chronic shoulder soreness, not worsening",
		"time_waiting" : -1324
	},
	{
		"pt_id" : 10089,
		"last_name" : "Greer",
		"first_name" : "Molly",
		"tri_id" : 5,
		"move_status" : "pending",
		"diagnosis" : "Mild cold symptoms and cough",
		"time_waiting" : -1345
	},
	{
		"pt_id" : 10090,
		"last_name" : "Hoffman",
		"first_name" : "Tyler",
		"tri_id" : 5,
		"move_status" : "pending",
		"diagnosis" : "Work note request after minor illness",
		"time_waiting" : -1365
	},
	{
		"pt_id" : 10091,
		"last_name" : "Richards",
		"first_name" : "Zoe",
		"tri_id" : 5,
		"move_status" : "pending",
		"diagnosis" : "Suture removal follow up",
		"time_waiting" : -1386
	},
	{
		"pt_id" : 10092,
		"last_name" : "Yu",
		"first_name" : "Simon",
		"tri_id" : 5,
		"move_status" : "pending",
		"diagnosis" : "Blood pressure recheck, asymptomatic",
		"time_waiting" : -1406
	},
	{
		"pt_id" : 10093,
		"last_name" : "Gomez",
		"first_name" : "Nadia",
		"tri_id" : 5,
		"move_status" : "pending",
		"diagnosis" : "Minor skin irritation on hands",
		"time_waiting" : -1426
	},
	{
		"pt_id" : 10094,
		"last_name" : "Bishop",
		"first_name" : "Quinn",
		"tri_id" : 5,
		"move_status" : "pending",
		"diagnosis" : "Mild eye redness, likely irritation",
		"time_waiting" : -1447
	},
	{
		"pt_id" : 10095,
		"last_name" : "Cummings",
		"first_name" : "Isabel",
		"tri_id" : 5,
		"move_status" : "pending",
		"diagnosis" : "Routine lab work request",
		"time_waiting" : -1467
	},
	{
		"pt_id" : 10096,
		"last_name" : "Armstrong",
		"first_name" : "Reid",
		"tri_id" : 5,
		"move_status" : "pending",
		"diagnosis" : "Ear wax buildup, no pain",
		"time_waiting" : -1488
	},
	{
		"pt_id" : 10097,
		"last_name" : "Roy",
		"first_name" : "Chantal",
		"tri_id" : 5,
		"move_status" : "pending",
		"diagnosis" : "Mild toe pain after stubbed toe",
		"time_waiting" : -1508
	},
	{
		"pt_id" : 10098,
		"last_name" : "Laurent",
		"first_name" : "Brady",
		"tri_id" : 5,
		"move_status" : "pending",
		"diagnosis" : "Chronic mild headache, follow up",
		"time_waiting" : -1528
	},
	{
		"pt_id" : 10099,
		"last_name" : "Mitchell",
		"first_name" : "Elsa",
		"tri_id" : 5,
		"move_status" : "pending",
		"diagnosis" : "Request for vaccination",
		"time_waiting" : -1549
	},
	{
		"pt_id" : 10100,
		"last_name" : "Sears",
		"first_name" : "Gavin",
		"tri_id" : 5,
		"move_status" : "pending",
		"diagnosis" : "Minor insect bite, no swelling",
		"time_waiting" : -1569
	},
	{
		"pt_id" : 10101,
		"last_name" : "troy",
		"first_name" : "barnes",
		"tri_id" : 3,
		"move_status" : "complete",
		"diagnosis" : "lost monkey",
		"time_waiting" : null
	}
]
